country,iso2c,iso3c,year,SH.DYN.MORT
Africa Eastern and Southern,ZH,AFE,2022,55.3245370266354
Africa Western and Central,ZI,AFW,2022,91.6034457566494
Arab World,1A,ARB,2022,31.3837827888926
Caribbean small states,S3,CSS,2022,18.2932931574641
Central Europe and the Baltics,B8,CEB,2022,4.72115746949245
Early-demographic dividend,V2,EAR,2022,30.8114113332823
East Asia & Pacific,Z4,EAS,2022,14.5
East Asia & Pacific (excluding high income),4E,EAP,2022,15.3250955591002
East Asia & Pacific (IDA & IBRD countries),T4,TEA,2022,15.2995736072457
Euro area,XC,EMU,2022,3.51789091482992
Europe & Central Asia,Z7,ECS,2022,7.5
Europe & Central Asia (excluding high income),7E,ECA,2022,13.106295204611
Europe & Central Asia (IDA & IBRD countries),T7,TEC,2022,10.2792293835648
European Union,EU,EUU,2022,3.74811759840783
Fragile and conflict affected situations,F1,FCS,2022,72.8298999490343
Heavily indebted poor countries (HIPC),XE,HPC,2022,62.6502977847266
High income,XD,,2022,4.8
IBRD only,XF,IBD,2022,20.724627170473
IDA & IBRD total,ZT,IBT,2022,40.1658626376611
IDA blend,XH,IDB,2022,76.740798813673
IDA only,XI,IDX,2022,56.7708410260756
IDA total,XG,IDA,2022,63.4847476712844
Late-demographic dividend,V3,LTE,2022,9.36949092845149
Latin America & Caribbean,ZJ,LCN,2022,15.8
Latin America & Caribbean (excluding high income),XJ,LAC,2022,15.6780353510853
Latin America & the Caribbean (IDA & IBRD countries),T2,TLA,2022,15.8870926059957
Least developed countries: UN classification,XL,LDC,2022,58.9571888392489
Low & middle income,XO,LMY,2022,40.7902480238566
Low income,XM,,2022,64.5
Lower middle income,XN,,2022,44.2
Middle East & North Africa,ZQ,MEA,2022,19.3
Middle East & North Africa (excluding high income),XQ,MNA,2022,20.8910521247348
Middle East & North Africa (IDA & IBRD countries),T3,TMN,2022,21.0036515637814
Middle income,XP,MIC,2022,34.8168970179169
North America,XU,NAC,2022,6.1
Not classified,XY,,2022,NA
OECD members,OE,OED,2022,6.46898924389421
Other small states,S4,OSS,2022,28.9430746460862
Pacific island small states,S2,PSS,2022,23.012201998296
Post-demographic dividend,V4,PST,2022,4.70124003777361
Pre-demographic dividend,V1,PRE,2022,73.9472825890496
Small states,S1,SST,2022,26.2338435163016
South Asia,8S,SAS,2022,35.9
South Asia (IDA & IBRD),T5,TSA,2022,35.9074361369531
Sub-Saharan Africa,ZG,SSF,2022,70.7
Sub-Saharan Africa (excluding high income),ZF,SSA,2022,70.6857636855527
Sub-Saharan Africa (IDA & IBRD countries),T6,TSS,2022,70.6835799172069
Upper middle income,XT,,2022,13
World,1W,WLD,2022,37.1
Afghanistan,AF,AFG,2022,57.7
Albania,AL,ALB,2022,9.4
Algeria,DZ,DZA,2022,21.8
American Samoa,AS,ASM,2022,NA
Andorra,AD,AND,2022,2.7
Angola,AO,AGO,2022,66.9
Antigua and Barbuda,AG,ATG,2022,9.5
Argentina,AR,ARG,2022,9.4
Armenia,AM,ARM,2022,10.3
Aruba,AW,ABW,2022,NA
Australia,AU,AUS,2022,3.8
Austria,AT,AUT,2022,3.2
Azerbaijan,AZ,AZE,2022,18.1
"Bahamas, The",BS,BHS,2022,12.9
Bahrain,BH,BHR,2022,6.5
Bangladesh,BD,BGD,2022,28.8
Barbados,BB,BRB,2022,10.9
Belarus,BY,BLR,2022,2.6
Belgium,BE,BEL,2022,3.7
Belize,BZ,BLZ,2022,10.9
Benin,BJ,BEN,2022,80.8
Bermuda,BM,BMU,2022,NA
Bhutan,BT,BTN,2022,23.7
Bolivia,BO,BOL,2022,23.9
Bosnia and Herzegovina,BA,BIH,2022,6
Botswana,BW,BWA,2022,38.7
Brazil,BR,BRA,2022,14
British Virgin Islands,VG,VGB,2022,13.1
Brunei Darussalam,BN,BRN,2022,9.7
Bulgaria,BG,BGR,2022,6.1
Burkina Faso,BF,BFA,2022,78.8
Burundi,BI,BDI,2022,50.5
Cabo Verde,CV,CPV,2022,12.3
Cambodia,KH,KHM,2022,23.7
Cameroon,CM,CMR,2022,69.8
Canada,CA,CAN,2022,4.9
Cayman Islands,KY,CYM,2022,NA
Central African Republic,CF,CAF,2022,96.8
Chad,TD,TCD,2022,102.9
Channel Islands,JG,CHI,2022,NA
Chile,CL,CHL,2022,6.3
China,CN,CHN,2022,6.6
Colombia,CO,COL,2022,12.4
Comoros,KM,COM,2022,48.2
"Congo, Dem. Rep.",CD,COD,2022,75.6
"Congo, Rep.",CG,COG,2022,41.6
Costa Rica,CR,CRI,2022,7.7
Cote d'Ivoire,CI,CIV,2022,69.4
Croatia,HR,HRV,2022,4.6
Cuba,CU,CUB,2022,8
Curacao,CW,CUW,2022,NA
Cyprus,CY,CYP,2022,3.5
Czechia,CZ,CZE,2022,2.6
Denmark,DK,DNK,2022,3.5
Djibouti,DJ,DJI,2022,51.9
Dominica,DM,DMA,2022,32.2
Dominican Republic,DO,DOM,2022,32.4
Ecuador,EC,ECU,2022,12.2
"Egypt, Arab Rep.",EG,EGY,2022,18.1
El Salvador,SV,SLV,2022,11.9
Equatorial Guinea,GQ,GNQ,2022,73.4
Eritrea,ER,ERI,2022,36.6
Estonia,EE,EST,2022,1.9
Eswatini,SZ,SWZ,2022,50
Ethiopia,ET,ETH,2022,46.2
Faroe Islands,FO,FRO,2022,NA
Fiji,FJ,FJI,2022,28.2
Finland,FI,FIN,2022,2.3
France,FR,FRA,2022,4.1
French Polynesia,PF,PYF,2022,NA
Gabon,GA,GAB,2022,38.8
"Gambia, The",GM,GMB,2022,45.6
Georgia,GE,GEO,2022,9.3
Germany,DE,DEU,2022,3.6
Ghana,GH,GHA,2022,42.3
Gibraltar,GI,GIB,2022,NA
Greece,GR,GRC,2022,3.9
Greenland,GL,GRL,2022,NA
Grenada,GD,GRD,2022,16
Guam,GU,GUM,2022,NA
Guatemala,GT,GTM,2022,22.1
Guinea,GN,GIN,2022,96
Guinea-Bissau,GW,GNB,2022,71.9
Guyana,GY,GUY,2022,26.6
Haiti,HT,HTI,2022,56.5
Honduras,HN,HND,2022,16
"Hong Kong SAR, China",HK,HKG,2022,NA
Hungary,HU,HUN,2022,4
Iceland,IS,ISL,2022,2.6
India,IN,IND,2022,29.1
Indonesia,ID,IDN,2022,21.3
"Iran, Islamic Rep.",IR,IRN,2022,12
Iraq,IQ,IRQ,2022,23.5
Ireland,IE,IRL,2022,3.1
Isle of Man,IM,IMN,2022,NA
Israel,IL,ISR,2022,3.4
Italy,IT,ITA,2022,2.6
Jamaica,JM,JAM,2022,18.8
Japan,JP,JPN,2022,2.3
Jordan,JO,JOR,2022,14.1
Kazakhstan,KZ,KAZ,2022,9.7
Kenya,KE,KEN,2022,41.1
Kiribati,KI,KIR,2022,56.4
"Korea, Dem. People's Rep.",KP,PRK,2022,17
"Korea, Rep.",KR,KOR,2022,2.8
Kosovo,XK,XKX,2022,9.5
Kuwait,KW,KWT,2022,8.6
Kyrgyz Republic,KG,KGZ,2022,17.3
Lao PDR,LA,LAO,2022,40.4
Latvia,LV,LVA,2022,3.2
Lebanon,LB,LBN,2022,17.4
Lesotho,LS,LSO,2022,72.2
Liberia,LR,LBR,2022,73.2
Libya,LY,LBY,2022,10.3
Liechtenstein,LI,LIE,2022,NA
Lithuania,LT,LTU,2022,3.5
Luxembourg,LU,LUX,2022,2.7
"Macao SAR, China",MO,MAC,2022,NA
Madagascar,MG,MDG,2022,65.8
Malawi,MW,MWI,2022,40.1
Malaysia,MY,MYS,2022,7.8
Maldives,MV,MDV,2022,5.6
Mali,ML,MLI,2022,93.8
Malta,MT,MLT,2022,5.6
Marshall Islands,MH,MHL,2022,28.6
Mauritania,MR,MRT,2022,39.2
Mauritius,MU,MUS,2022,15
Mexico,MX,MEX,2022,12.8
"Micronesia, Fed. Sts.",FM,FSM,2022,24.2
Moldova,MD,MDA,2022,14.2
Monaco,MC,MCO,2022,2.8
Mongolia,MN,MNG,2022,13.4
Montenegro,ME,MNE,2022,2.7
Morocco,MA,MAR,2022,17.3
Mozambique,MZ,MOZ,2022,66.2
Myanmar,MM,MMR,2022,40.1
Namibia,NA,NAM,2022,37.9
Nauru,NR,NRU,2022,26.5
Nepal,NP,NPL,2022,27.3
Netherlands,NL,NLD,2022,3.9
New Caledonia,NC,NCL,2022,NA
New Zealand,NZ,NZL,2022,4.6
Nicaragua,NI,NIC,2022,15.2
Niger,NE,NER,2022,117.3
Nigeria,NG,NGA,2022,107.2
North Macedonia,MK,MKD,2022,4.6
Northern Mariana Islands,MP,MNP,2022,NA
Norway,NO,NOR,2022,2.2
Oman,OM,OMN,2022,10.5
Pakistan,PK,PAK,2022,61
Palau,PW,PLW,2022,22.3
Panama,PA,PAN,2022,13.3
Papua New Guinea,PG,PNG,2022,41.4
Paraguay,PY,PRY,2022,17.4
Peru,PE,PER,2022,15.1
Philippines,PH,PHL,2022,27.5
Poland,PL,POL,2022,4.4
Portugal,PT,PRT,2022,3.2
Puerto Rico,PR,PRI,2022,NA
Qatar,QA,QAT,2022,5.2
Romania,RO,ROU,2022,6.8
Russian Federation,RU,RUS,2022,4.8
Rwanda,RW,RWA,2022,38
Samoa,WS,WSM,2022,16.1
San Marino,SM,SMR,2022,1.5
Sao Tome and Principe,ST,STP,2022,14.5
Saudi Arabia,SA,SAU,2022,6.4
Senegal,SN,SEN,2022,37
Serbia,RS,SRB,2022,5.1
Seychelles,SC,SYC,2022,14.5
Sierra Leone,SL,SLE,2022,100.8
Singapore,SG,SGP,2022,2.2
Sint Maarten (Dutch part),SX,SXM,2022,NA
Slovak Republic,SK,SVK,2022,5.9
Slovenia,SI,SVN,2022,2.3
Solomon Islands,SB,SLB,2022,18.3
Somalia,SO,SOM,2022,106.1
South Africa,ZA,ZAF,2022,34.5
South Sudan,SS,SSD,2022,98.8
Spain,ES,ESP,2022,3
Sri Lanka,LK,LKA,2022,6.5
St. Kitts and Nevis,KN,KNA,2022,15.4
St. Lucia,LC,LCA,2022,17.3
St. Martin (French part),MF,MAF,2022,NA
St. Vincent and the Grenadines,VC,VCT,2022,10.9
Sudan,SD,SDN,2022,51.6
Suriname,SR,SUR,2022,16.6
Sweden,SE,SWE,2022,2.5
Switzerland,CH,CHE,2022,4
Syrian Arab Republic,SY,SYR,2022,21.4
Tajikistan,TJ,TJK,2022,30.3
Tanzania,TZ,TZA,2022,40.5
Thailand,TH,THA,2022,8.1
Timor-Leste,TL,TLS,2022,48.6
Togo,TG,TGO,2022,60.4
Tonga,TO,TON,2022,10.9
Trinidad and Tobago,TT,TTO,2022,15.4
Tunisia,TN,TUN,2022,11.5
Turkiye,TR,TUR,2022,9.6
Turkmenistan,TM,TKM,2022,40.4
Turks and Caicos Islands,TC,TCA,2022,5.9
Tuvalu,TV,TUV,2022,20.4
Uganda,UG,UGA,2022,40.5
Ukraine,UA,UKR,2022,8.5
United Arab Emirates,AE,ARE,2022,5.3
United Kingdom,GB,GBR,2022,4.1
United States,US,USA,2022,6.3
Uruguay,UY,URY,2022,6.6
Uzbekistan,UZ,UZB,2022,13.3
Vanuatu,VU,VUT,2022,18.2
"Venezuela, RB",VE,VEN,2022,24.2
Viet Nam,VN,VNM,2022,20.3
Virgin Islands (U.S.),VI,VIR,2022,NA
West Bank and Gaza,PS,PSE,2022,14.3
"Yemen, Rep.",YE,YEM,2022,41.3
Zambia,ZM,ZMB,2022,55.6
Zimbabwe,ZW,ZWE,2022,47.7
